序号,链接,节点数
0,https://a5AUwm.absslk.xyz/a1267f5222ae7c9d3002e74bef654957,0
1,https://gist.githubusercontent.com/peasoft/40b87245630092f30cc98af61190b4e2/raw/,10
2,https://pai.yt/clash,124
3,https://raw.githubusercontent.com/Huibq/TrojanLinks/master/links/vmess,0
4,https://raw.githubusercontent.com/Surfboardv2ray/TGParse/main/python/hy2,0
5,https://raw.githubusercontent.com/Surfboardv2ray/TGParse/main/python/hysteria2,3
6,https://raw.githubusercontent.com/ripaojiedian/freenode/main/clash,16
7,https://raw.githubusercontent.com/ripaojiedian/freenode/main/sub,16
8,https://raw.githubusercontent.com/shaoyouvip/free/refs/heads/main/all.yaml,50
9,https://raw.githubusercontent.com/zhangkaiitugithub/passcro/main/speednodes.yaml,35

总计,,230
